player,position,team,week,season,receiver_id,xFP,actual_FP,target,air_yards,rz_target,receptions,receiving_yards,receiving_touchdowns,carries,rush_yards,rush_touchdowns,goal_line_carry,adot,catch_rate,ypt,fp_diff,games
James Conner,RB,ARI,1,2025,James Conner-ARI,16.8,14.4,4,-15,NA,NA,NA,NA,12,39,0,1,NA,NA,NA,-2.4000000000000004,1
Trey McBride,TE,ARI,1,2025,00-003774400-003774400-003774400-003774400-003774400-003774400-003774400-003774400-0037744,14.1,12.1,9,35,1,6,61,0,0,0,0,0,3.888888836,0.7,6.8,-2,1
Marvin Harrison Jr.,WR,ARI,1,2025,00-003984900-003984900-003984900-003984900-003984900-0039849,13.2,18.1,6,76,1,5,71,1,0,0,0,0,12.66666698,0.8,11.8,4.900000000000002,1
Michael Wilson,WR,ARI,1,2025,00-003855900-003855900-003855900-0038559,8.1,1.5,4,62,0,1,5,0,0,0,0,0,15.5,0.3,1.3,-6.6,1
Trey Benson,RB,ARI,1,2025,Trey Benson-ARI,6.4,8.5,1,-2,NA,NA,NA,NA,8,69,0,1,NA,NA,NA,2.0999999999999996,1
Elijah Higgins,TE,ARI,1,2025,00-003904100-0039041,3,1.3,2,5,1,1,3,0,0,0,0,0,2.5,0.5,1.5,-1.7,1
Tip Reiman,TE,ARI,1,2025,00-0039737,1.5,2,1,5,0,1,10,0,0,0,0,0,5,1,10,0.5,1
Greg Dortch,WR,ARI,1,2025,00-0035500,1.4,0.8,1,-2,0,1,-2,0,0,0,0,0,-2,1,-2,-0.5999999999999999,1
Zay Jones,WR,ARI,1,2025,00-0033891,1.3,1.4,1,2,0,1,4,0,0,0,0,0,2,1,4,0.09999999999999987,1
Drake London,WR,ATL,1,2025,00-003723800-003723800-003723800-003723800-003723800-003723800-003723800-003723800-003723800-003723800-003723800-003723800-003723800-003723800-0037238,25.6,13.5,15,99,2,8,55,0,0,0,0,0,6.599999905,0.5,3.7,-12.100000000000001,1
Bijan Robinson,RB,ATL,1,2025,Bijan Robinson-ATL,19.7,24.4,7,-9,NA,NA,NA,NA,12,24,0,2,NA,NA,NA,4.699999999999999,1
Kyle Pitts,TE,ATL,1,2025,00-003697000-003697000-003697000-003697000-003697000-003697000-003697000-0036970,12.1,12.9,8,37,0,7,59,0,0,0,0,0,4.625,0.9,7.4,0.8000000000000007,1
Casey Washington,WR,ATL,1,2025,00-003939400-003939400-003939400-003939400-003939400-0039394,11.1,6.3,6,99,0,3,33,0,0,0,0,0,16.5,0.5,5.5,-4.8,1
Ray-Ray McCloud,WR,ATL,1,2025,00-003440700-003440700-003440700-003440700-0034407,7.6,8.1,5,36,0,3,51,0,0,0,0,0,7.199999809,0.6,10.2,0.5,1
Tyler Allgeier,RB,ATL,1,2025,Tyler Allgeier-ATL,7,2.4,0,0,NA,NA,NA,NA,10,24,0,2,NA,NA,NA,-4.6,1
KhaDarel Hodge,WR,ATL,1,2025,00-0034854,2.8,0,1,26,0,0,0,0,0,0,0,0,26,0,0,-2.8,1
Zay Flowers,WR,BAL,1,2025,00-003906400-003906400-003906400-003906400-003906400-003906400-003906400-003906400-0039064,16,27.3,9,91,0,7,143,1,0,0,0,0,10.11111069,0.8,15.9,11.3,1
Derrick Henry,RB,BAL,1,2025,Derrick Henry-BAL,11.6,31.2,1,5,NA,NA,NA,NA,18,169,2,0,NA,NA,NA,19.6,1
Rashod Bateman,WR,BAL,1,2025,00-003655000-003655000-003655000-0036550,6.5,3,4,42,0,2,10,0,0,0,0,0,10.5,0.5,2.5,-3.5,1
DeAndre Hopkins,WR,BAL,1,2025,00-003056400-0030564,4.5,11.5,2,33,0,2,35,1,0,0,0,0,16.5,1,17.5,7,1
Justice Hill,RB,BAL,1,2025,Justice Hill-BAL,4.2,-0.1,2,-2,NA,NA,NA,NA,2,-14,0,0,NA,NA,NA,-4.3,1
Mark Andrews,TE,BAL,1,2025,00-0034753,1.5,1.5,1,4,0,1,5,0,0,0,0,0,4,1,5,0,1
Rasheen Ali,RB,BAL,1,2025,Rasheen Ali-BAL,0.7,0.5,0,0,NA,NA,NA,NA,1,5,0,0,NA,NA,NA,-0.19999999999999996,1
Keon Coleman,WR,BUF,1,2025,00-003990100-003990100-003990100-003990100-003990100-003990100-003990100-003990100-003990100-003990100-0039901,20.5,25.2,11,132,2,8,112,1,0,0,0,0,12,0.7,10.2,4.699999999999999,1
James Cook,RB,BUF,1,2025,James Cook-BUF,18,21.2,5,-6,NA,NA,NA,NA,13,44,1,2,NA,NA,NA,3.1999999999999993,1
Josh Palmer,WR,BUF,1,2025,00-003698800-003698800-003698800-003698800-003698800-003698800-003698800-003698800-0036988,17,11.1,9,115,2,5,61,0,0,0,0,0,12.77777767,0.6,6.8,-5.9,1
Khalil Shakir,WR,BUF,1,2025,00-003726100-003726100-003726100-003726100-003726100-003726100-003726100-003726100-0037261,14.8,12.4,9,85,2,6,64,0,0,0,0,0,9.444444656,0.7,7.1,-2.4000000000000004,1
Dalton Kincaid,TE,BUF,1,2025,00-003893300-003893300-003893300-0038933,7.6,14.8,4,40,1,4,48,1,0,0,0,0,10,1,12,7.200000000000001,1
Ty Johnson,RB,BUF,1,2025,Ty Johnson-BUF,4.4,2.4,2,9,NA,NA,NA,NA,2,24,0,0,NA,NA,NA,-2.0000000000000004,1
Dawson Knox,TE,BUF,1,2025,00-003568900-0035689,3,4,2,3,0,2,20,0,0,0,0,0,1.5,1,10,1,1
Jackson Hawes,TE,BUF,1,2025,00-0040194,2.5,3.9,1,26,0,1,29,0,0,0,0,0,26,1,29,1.4,1
Ray Davis,RB,BUF,1,2025,Ray Davis-BUF,2.1,1.1,1,-7,NA,NA,NA,NA,1,2,0,0,NA,NA,NA,-1,1
Elijah Moore,WR,BUF,1,2025,00-0036980,1.4,1.3,1,3,0,1,3,0,0,0,0,0,3,1,3,-0.09999999999999987,1
Chuba Hubbard,RB,CAR,1,2025,Chuba Hubbard-CAR,16.2,17.9,5,-14,NA,NA,NA,NA,16,57,0,2,NA,NA,NA,1.6999999999999993,1
Tetairoa McMillan,WR,CAR,1,2025,00-004012400-004012400-004012400-004012400-004012400-004012400-004012400-004012400-0040124,14.3,11.8,9,104,0,5,68,0,0,0,0,0,11.55555534,0.6,7.6,-2.5,1
Xavier Legette,WR,CAR,1,2025,00-003934200-003934200-003934200-003934200-003934200-003934200-0039342,11.9,4,7,61,1,3,10,0,0,0,0,0,8.714285851,0.4,1.4,-7.9,1
Hunter Renfrow,WR,CAR,1,2025,00-003498300-003498300-003498300-003498300-003498300-0034983,10.5,3.1,6,66,0,2,11,0,0,0,0,0,11,0.3,1.8,-7.4,1
Rico Dowdle,RB,CAR,1,2025,Rico Dowdle-CAR,5.4,3.6,3,-1,NA,NA,NA,NA,3,12,0,0,NA,NA,NA,-1.8000000000000003,1
Ja'Tavion Sanders,TE,CAR,1,2025,00-003935600-003935600-0039356,5.3,4.7,3,41,0,2,27,0,0,0,0,0,13.66666698,0.7,9,-0.5999999999999996,1
Tommy Tremble,TE,CAR,1,2025,00-0037005,1.2,1.2,1,0,0,1,2,0,0,0,0,0,0,1,2,0,1
Trevor Etienne,RB,CAR,1,2025,Trevor Etienne-CAR,0.5,0.4,0,0,NA,NA,NA,NA,1,4,0,0,NA,NA,NA,-0.09999999999999998,1
D'Andre Swift,RB,CHI,1,2025,D'Andre Swift-CHI,16.8,9.5,5,-3,NA,NA,NA,NA,17,53,0,1,NA,NA,NA,-7.300000000000001,1
Rome Odunze,WR,CHI,1,2025,00-003991900-003991900-003991900-003991900-003991900-003991900-003991900-003991900-0039919,15.1,16.8,9,55,1,6,48,1,0,0,0,0,6.111111164,0.7,5.3,1.700000000000001,1
Olamide Zaccheaus,WR,CHI,1,2025,00-003520800-003520800-003520800-003520800-003520800-003520800-0035208,10.1,8.2,7,59,1,4,42,0,0,0,0,0,8.428571701,0.6,6,-1.9000000000000004,1
DJ Moore,WR,CHI,1,2025,00-003482700-003482700-003482700-003482700-0034827,9.5,8.7,5,94,0,3,57,0,0,0,0,0,18.799999239999998,0.6,11.4,-0.8000000000000007,1
Cole Kmet,TE,CHI,1,2025,00-003629000-003629000-003629000-0036290,6.2,4.1,4,57,0,1,31,0,0,0,0,0,14.25,0.3,7.8,-2.1000000000000005,1
Colston Loveland,TE,CHI,1,2025,00-004012600-0040126,2.9,3.2,2,5,0,2,12,0,0,0,0,0,2.5,1,6,0.30000000000000027,1
Kyle Monangai,RB,CHI,1,2025,Kyle Monangai-CHI,1.5,2.1,1,5,NA,NA,NA,NA,0,0,0,0,NA,NA,NA,0.6000000000000001,1
Luther Burden III,WR,CHI,1,2025,00-0040735,1.2,0.7,1,-5,0,1,-3,0,0,0,0,0,-5,1,-3,-0.5,1
Chase Brown,RB,CIN,1,2025,Chase Brown-CIN,18.8,13.1,3,0,NA,NA,NA,NA,21,43,1,2,NA,NA,NA,-5.700000000000001,1
Noah Fant,TE,CIN,1,2025,00-003564400-003564400-003564400-003564400-0035644,10,12.6,5,2,1,4,26,1,0,0,0,0,0.400000006,0.8,5.2,2.5999999999999996,1
Ja'Marr Chase,WR,CIN,1,2025,00-003690000-003690000-003690000-003690000-0036900,9.3,4.6,5,88,0,2,26,0,0,0,0,0,17.60000038,0.4,5.2,-4.700000000000001,1
Mike Gesicki,TE,CIN,1,2025,00-003482900-003482900-0034829,8.5,2.4,3,26,2,1,14,0,0,0,0,0,8.666666985,0.3,4.7,-6.1,1
Tee Higgins,WR,CIN,1,2025,00-003641000-003641000-003641000-0036410,6.6,6.3,4,49,0,3,33,0,0,0,0,0,12.25,0.8,8.3,-0.2999999999999998,1
Samaje Perine,RB,CIN,1,2025,Samaje Perine-CIN,3.2,2.6,2,2,NA,NA,NA,NA,0,0,0,0,NA,NA,NA,-0.6000000000000001,1
Drew Sample,TE,CIN,1,2025,00-0035631,1.5,0,1,2,0,0,0,0,0,0,0,0,2,0,0,-1.5,1
Dylan Sampson,RB,CLE,1,2025,Dylan Sampson-CLE,17.9,17.3,8,-25,NA,NA,NA,NA,12,29,0,1,NA,NA,NA,-0.5999999999999979,1
Harold Fannin Jr.,TE,CLE,1,2025,00-004066300-004066300-004066300-004066300-004066300-004066300-004066300-004066300-0040663,14.7,13.3,9,65,1,7,63,0,0,0,0,0,7.222222328,0.8,7,-1.3999999999999986,1
Cedric Tillman,WR,CLE,1,2025,00-003897900-003897900-003897900-003897900-003897900-003897900-003897900-0038979,13.4,16.2,8,59,1,5,52,1,0,0,0,0,7.375,0.6,6.5,2.799999999999999,1
Jerry Jeudy,WR,CLE,1,2025,00-003640700-003640700-003640700-003640700-003640700-003640700-003640700-0036407,13.2,11.6,8,98,0,5,66,0,0,0,0,0,12.25,0.6,8.3,-1.5999999999999996,1
David Njoku,TE,CLE,1,2025,00-003388500-003388500-003388500-003388500-003388500-0033885,9.1,6.7,6,41,0,3,37,0,0,0,0,0,6.833333492,0.5,6.2,-2.3999999999999995,1
Jerome Ford,RB,CLE,1,2025,Jerome Ford-CLE,7.2,1.5,1,-5,NA,NA,NA,NA,6,8,0,2,NA,NA,NA,-5.7,1
Raheim Sanders,RB,CLE,1,2025,Raheim Sanders-CLE,3.6,6.3,0,0,NA,NA,NA,NA,3,3,1,2,NA,NA,NA,2.6999999999999997,1
Jamari Thrash,WR,CLE,1,2025,00-0039379,1.4,1.6,1,6,0,1,6,0,0,0,0,0,6,1,6,0.20000000000000018,1
Isaiah Bond,WR,CLE,1,2025,00-0040782,1.3,1.5,1,-4,0,1,5,0,0,0,0,0,-4,1,5,0.19999999999999996,1
CeeDee Lamb,WR,DAL,1,2025,00-003635800-003635800-003635800-003635800-003635800-003635800-003635800-003635800-003635800-003635800-003635800-003635800-0036358,21.3,18,13,182,0,7,110,0,0,0,0,0,14,0.5,8.5,-3.3000000000000007,1
Javonte Williams,RB,DAL,1,2025,Javonte Williams-DAL,15.2,20.4,3,3,NA,NA,NA,NA,15,54,2,2,NA,NA,NA,5.199999999999999,1
Jake Ferguson,TE,DAL,1,2025,00-003804100-003804100-003804100-003804100-003804100-0038041,9.9,7.3,6,35,0,5,23,0,0,0,0,0,5.833333492,0.8,3.8,-2.6000000000000005,1
George Pickens,WR,DAL,1,2025,00-003724700-003724700-003724700-0037247,7,6,4,52,0,3,30,0,0,0,0,0,13,0.8,7.5,-1,1
Jalen Tolbert,WR,DAL,1,2025,00-003766600-0037666,3.8,1,2,9,1,1,0,0,0,0,0,0,4.5,0.5,0,-2.8,1
Miles Sanders,RB,DAL,1,2025,Miles Sanders-DAL,3.4,6,1,-5,NA,NA,NA,NA,4,53,0,0,NA,NA,NA,2.6,1
KaVontae Turpin,WR,DAL,1,2025,00-003780100-0037801,3,3.8,2,7,0,2,18,0,0,0,0,0,3.5,1,9,0.7999999999999998,1
Luke Schoonmaker,TE,DAL,1,2025,00-0038547,1.8,0,1,22,0,0,0,0,0,0,0,0,22,0,0,-1.8,1
Brevyn Spann-Ford,TE,DAL,1,2025,00-0039530,1.6,0,1,26,0,0,0,0,0,0,0,0,26,0,0,-1.6,1
Courtland Sutton,WR,DEN,1,2025,00-003434800-003434800-003434800-003434800-003434800-003434800-003434800-003434800-0034348,16.4,18.1,9,107,1,6,61,1,0,0,0,0,11.88888931,0.7,6.8,1.7000000000000028,1
J.K. Dobbins,RB,DEN,1,2025,J.K. Dobbins-DEN,12.8,14.8,2,-3,NA,NA,NA,NA,16,63,1,1,NA,NA,NA,2,1
Tyler Badie,RB,DEN,1,2025,Tyler Badie-DEN,10.3,3.6,6,18,NA,NA,NA,NA,0,0,0,0,NA,NA,NA,-6.700000000000001,1
Troy Franklin,WR,DEN,1,2025,00-003986800-003986800-003986800-003986800-003986800-0039868,10,8.4,6,45,0,4,44,0,0,0,0,0,7.5,0.7,7.3,-1.5999999999999996,1
Marvin Mims Jr.,WR,DEN,1,2025,00-003897600-003897600-003897600-0038976,7,4.2,4,35,0,3,12,0,0,0,0,0,8.75,0.8,3,-2.8,1
Evan Engram,TE,DEN,1,2025,00-003388100-003388100-003388100-0033881,6,5.1,4,10,0,3,21,0,0,0,0,0,2.5,0.8,5.3,-0.9000000000000004,1
RJ Harvey,RB,DEN,1,2025,RJ Harvey-DEN,4.6,7.9,1,-2,NA,NA,NA,NA,6,70,0,0,NA,NA,NA,3.3000000000000007,1
Lucas Krull,TE,DEN,1,2025,00-003753900-0037539,3.2,1.6,2,9,0,1,6,0,0,0,0,0,4.5,0.5,3,-1.6,1
Trent Sherfield,WR,DEN,1,2025,00-0034487,1.5,1.3,1,-2,1,1,3,0,0,0,0,0,-2,1,3,-0.19999999999999996,1
Adam Trautman,TE,DEN,1,2025,00-0036422,1.5,1.5,1,5,0,1,5,0,0,0,0,0,5,1,5,0,1
Adam Prentice,RB,DEN,1,2025,Adam Prentice-DEN,1.4,1.4,1,0,NA,NA,NA,NA,0,0,0,0,NA,NA,NA,0,1
Jahmyr Gibbs,RB,DET,1,2025,Jahmyr Gibbs-DET,19.7,15,10,0,NA,NA,NA,NA,9,19,0,1,NA,NA,NA,-4.699999999999999,1
Sam LaPorta,TE,DET,1,2025,00-003906500-003906500-003906500-003906500-003906500-003906500-003906500-003906500-0039065,14.3,13.9,9,45,2,6,79,0,0,0,0,0,5,0.7,8.8,-0.40000000000000036,1
David Montgomery,RB,DET,1,2025,David Montgomery-DET,11.7,8.3,4,4,NA,NA,NA,NA,11,25,0,0,NA,NA,NA,-3.3999999999999986,1
Amon-Ra St. Brown,WR,DET,1,2025,00-003696300-003696300-003696300-003696300-003696300-0036963,10.7,8.5,6,53,2,4,45,0,0,0,0,0,8.833333015,0.7,7.5,-2.1999999999999993,1
Jameson Williams,WR,DET,1,2025,00-003724000-003724000-003724000-003724000-0037240,7.5,6.3,5,26,1,4,23,0,0,0,0,0,5.199999809,0.8,4.6,-1.2000000000000002,1
Kalif Raymond,WR,DET,1,2025,00-003246400-003246400-0032464,4.5,3.6,3,23,0,2,16,0,0,0,0,0,7.666666508,0.7,5.3,-0.8999999999999999,1
Isaac TeSlaa,WR,DET,1,2025,00-0040669,2.6,8.3,1,13,1,1,13,1,0,0,0,0,13,1,13,5.700000000000001,1
Josh Jacobs,RB,GB,1,2025,Josh Jacobs-GB,14.5,14,1,1,NA,NA,NA,NA,19,66,1,3,NA,NA,NA,-0.5,1
Romeo Doubs,WR,GB,1,2025,00-003781600-003781600-003781600-0037816,10.3,8.8,4,92,2,2,68,0,0,0,0,0,23,0.5,17,-1.5,1
Jayden Reed,WR,GB,1,2025,00-003914600-003914600-003914600-003914600-0039146,9.3,13.5,5,70,1,3,45,1,0,0,0,0,14,0.6,9,4.199999999999999,1
Tucker Kraft,TE,GB,1,2025,00-003899600-003899600-003899600-0038996,7.2,9.6,4,51,1,2,16,1,0,0,0,0,12.75,0.5,4,2.3999999999999995,1
Dontayvion Wicks,WR,GB,1,2025,00-003839300-0038393,3.8,5,2,27,0,2,30,0,0,0,0,0,13.5,1,15,1.2000000000000002,1
Matthew Golden,WR,GB,1,2025,00-004066700-0040667,2.9,3.6,2,10,0,2,16,0,0,0,0,0,5,1,8,0.7000000000000002,1
Chris Brooks,RB,GB,1,2025,Chris Brooks-GB,2.3,1.3,1,2,NA,NA,NA,NA,1,1,0,0,NA,NA,NA,-0.9999999999999998,1
Savion Williams,WR,GB,1,2025,00-0040009,1.5,1.1,1,-3,1,1,1,0,0,0,0,0,-3,1,1,-0.3999999999999999,1
Luke Musgrave,TE,GB,1,2025,00-0039144,1.4,1.4,1,1,0,1,4,0,0,0,0,0,1,1,4,0,1
John FitzPatrick,TE,GB,1,2025,00-0037306,1.4,1.2,1,2,0,1,2,0,0,0,0,0,2,1,2,-0.19999999999999996,1
Emanuel Wilson,RB,GB,1,2025,Emanuel Wilson-GB,0.5,0.4,0,0,NA,NA,NA,NA,1,4,0,0,NA,NA,NA,-0.09999999999999998,1
Nico Collins,WR,HOU,1,2025,00-003655400-003655400-003655400-003655400-0036554,7.8,5.5,5,35,1,3,25,0,0,0,0,0,7,0.6,5,-2.3,1
Nick Chubb,RB,HOU,1,2025,Nick Chubb-HOU,7.8,6,1,5,NA,NA,NA,NA,13,60,0,0,NA,NA,NA,-1.7999999999999998,1
Dalton Schultz,TE,HOU,1,2025,00-003438300-003438300-003438300-003438300-0034383,7.6,5.8,5,25,0,3,28,0,0,0,0,0,5,0.6,5.6,-1.7999999999999998,1
Cade Stover,TE,HOU,1,2025,00-003935900-003935900-003935900-0039359,5.5,6.2,4,9,0,4,22,0,0,0,0,0,2.25,1,5.5,0.7000000000000002,1
Jayden Higgins,WR,HOU,1,2025,00-004013000-004013000-0040130,5.1,5.2,3,52,0,2,32,0,0,0,0,0,17.33333397,0.7,10.7,0.10000000000000053,1
Dare Ogunbowale,RB,HOU,1,2025,Dare Ogunbowale-HOU,3.8,4.6,2,5,NA,NA,NA,NA,2,9,0,0,NA,NA,NA,0.7999999999999998,1
Xavier Hutchinson,WR,HOU,1,2025,00-003861800-0038618,3.2,5,2,29,0,2,30,0,0,0,0,0,14.5,1,15,1.7999999999999998,1
Justin Watson,WR,HOU,1,2025,00-003438600-0034386,2.9,4.7,2,14,0,2,27,0,0,0,0,0,7,1,13.5,1.8000000000000003,1
Jaylin Noel,WR,HOU,1,2025,00-004013800-0040138,2.8,1.7,2,2,0,1,7,0,0,0,0,0,1,0.5,3.5,-1.0999999999999999,1
Dameon Pierce,RB,HOU,1,2025,Dameon Pierce-HOU,2.8,0.5,1,-4,NA,NA,NA,NA,3,5,0,0,NA,NA,NA,-2.3,1
Woody Marks,RB,HOU,1,2025,Woody Marks-HOU,1.2,0.3,0,0,NA,NA,NA,NA,3,3,0,0,NA,NA,NA,-0.8999999999999999,1
Jonathan Taylor,RB,IND,1,2025,Jonathan Taylor-IND,17.7,12.8,3,-2,NA,NA,NA,NA,18,71,0,2,NA,NA,NA,-4.899999999999999,1
Tyler Warren,TE,IND,1,2025,00-004012800-004012800-004012800-004012800-004012800-004012800-004012800-004012800-0040128,15.8,14.6,9,47,2,7,76,0,0,0,0,0,5.222222328,0.8,8.4,-1.200000000000001,1
Michael Pittman,WR,IND,1,2025,00-003625200-003625200-003625200-003625200-003625200-003625200-003625200-0036252,12.7,20,8,54,0,6,80,1,0,0,0,0,6.75,0.8,10,7.300000000000001,1
DJ Giddens,RB,IND,1,2025,DJ Giddens-IND,8.9,4.1,0,0,NA,NA,NA,NA,12,41,0,1,NA,NA,NA,-4.800000000000001,1
Alec Pierce,WR,IND,1,2025,00-003766400-003766400-0037664,7.1,4.6,3,61,1,1,36,0,0,0,0,0,20.33333397,0.3,12,-2.5,1
Josh Downs,WR,IND,1,2025,00-003899700-003899700-0038997,4.3,3.2,3,13,0,2,12,0,0,0,0,0,4.333333492,0.7,4,-1.0999999999999996,1
Adonai Mitchell,WR,IND,1,2025,00-003989000-0039890,3.2,4.1,2,21,0,2,21,0,0,0,0,0,10.5,1,10.5,0.8999999999999995,1
Mo Alie-Cox,TE,IND,1,2025,00-0033217,1.5,3,1,2,0,1,20,0,0,0,0,0,2,1,20,1.5,1
Ulysses Bentley IV,RB,IND,1,2025,Ulysses Bentley IV-IND,0.5,0,0,0,NA,NA,NA,NA,1,0,0,0,NA,NA,NA,-0.5,1
Travis Etienne,RB,JAX,1,2025,Travis Etienne-JAX,13.5,18.6,3,-10,NA,NA,NA,NA,16,143,0,0,NA,NA,NA,5.100000000000001,1
Travis Hunter,WR,JAX,1,2025,00-004071800-004071800-004071800-004071800-004071800-004071800-004071800-0040718,13.4,9.3,8,59,1,6,33,0,0,0,0,0,7.375,0.8,4.1,-4.1,1
Brian Thomas Jr.,WR,JAX,1,2025,00-003989300-003989300-003989300-003989300-003989300-003989300-0039893,12.3,2.1,7,92,0,1,11,0,0,0,0,0,13.14285755,0.1,1.6,-10.200000000000001,1
Dyami Brown,WR,JAX,1,2025,00-003662600-003662600-003662600-0036626,7,8.2,4,54,0,3,52,0,0,0,0,0,13.5,0.8,13,1.1999999999999993,1
Brenton Strange,TE,JAX,1,2025,00-003893500-003893500-003893500-0038935,6.7,9.9,4,36,0,4,59,0,0,0,0,0,9,1,14.8,3.2,1
Hunter Long,TE,JAX,1,2025,00-0037004,3.2,7.6,1,6,1,1,6,1,0,0,0,0,6,1,6,4.3999999999999995,1
Tank Bigsby,RB,JAX,1,2025,Tank Bigsby-JAX,3.2,1.2,0,0,NA,NA,NA,NA,5,12,0,0,NA,NA,NA,-2,1
Bhayshul Tuten,RB,JAX,1,2025,Bhayshul Tuten-JAX,2.6,1.1,0,0,NA,NA,NA,NA,3,11,0,0,NA,NA,NA,-1.5,1
LeQuint Allen Jr.,RB,JAX,1,2025,LeQuint Allen Jr.-JAX,2.3,2.1,1,-4,NA,NA,NA,NA,1,7,0,0,NA,NA,NA,-0.19999999999999973,1
Johnny Mundt,TE,JAX,1,2025,00-0033246,1.4,0,1,-3,0,0,0,0,0,0,0,0,-3,0,0,-1.4,1
Marquise Brown,WR,KC,1,2025,00-003566200-003566200-003566200-003566200-003566200-003566200-003566200-003566200-003566200-003566200-003566200-003566200-003566200-003566200-003566200-0035662,27.8,19.9,16,101,3,10,99,0,0,0,0,0,6.3125,0.6,6.2,-7.900000000000002,1
Tyquan Thornton,WR,KC,1,2025,00-003810400-003810400-003810400-0038104,8.9,6.1,4,115,0,2,41,0,0,0,0,0,28.75,0.5,10.3,-2.8000000000000007,1
Travis Kelce,TE,KC,1,2025,00-003050600-003050600-003050600-0030506,7.8,12.7,4,24,1,2,47,1,0,0,0,0,6,0.5,11.8,4.8999999999999995,1
Isiah Pacheco,RB,KC,1,2025,Isiah Pacheco-KC,7.4,4.8,3,-12,NA,NA,NA,NA,5,25,0,0,NA,NA,NA,-2.6000000000000005,1
JuJu Smith-Schuster,WR,KC,1,2025,00-003385700-003385700-003385700-003385700-0033857,7.2,10.5,5,29,0,5,55,0,0,0,0,0,5.800000191,1,11,3.3,1
Kareem Hunt,RB,KC,1,2025,Kareem Hunt-KC,6.9,4.6,3,-2,NA,NA,NA,NA,5,16,0,0,NA,NA,NA,-2.3000000000000007,1
Jason Brownlee,WR,KC,1,2025,00-0038492,2.7,0,1,9,1,0,0,0,0,0,0,0,9,0,0,-2.7,1
Noah Gray,TE,KC,1,2025,00-0036637,1.5,1.3,1,3,0,1,3,0,0,0,0,0,3,1,3,-0.19999999999999996,1
Xavier Worthy,WR,KC,1,2025,00-0039894,1.4,0,1,4,0,0,0,0,0,0,0,0,4,0,0,-1.4,1
Keenan Allen,WR,LAC,1,2025,00-003027900-003027900-003027900-003027900-003027900-003027900-003027900-003027900-003027900-0030279,16.1,19.8,10,89,1,7,68,1,0,0,0,0,8.899999619,0.7,6.8,3.6999999999999993,1
Quentin Johnston,WR,LAC,1,2025,00-003854400-003854400-003854400-003854400-003854400-003854400-0038544,15.6,24.9,7,87,2,5,79,2,0,0,0,0,12.428571700000001,0.7,11.3,9.299999999999999,1
Ladd McConkey,WR,LAC,1,2025,00-003991500-003991500-003991500-003991500-003991500-003991500-003991500-003991500-0039915,15.2,13.4,9,97,0,6,74,0,0,0,0,0,10.77777767,0.7,8.2,-1.799999999999999,1
Omarion Hampton,RB,LAC,1,2025,Omarion Hampton-LAC,11,8.1,2,-4,NA,NA,NA,NA,15,48,0,0,NA,NA,NA,-2.9000000000000004,1
Tyler Conklin,TE,LAC,1,2025,00-003427000-0034270,3.8,7,2,28,0,2,50,0,0,0,0,0,14,1,25,3.2,1
KeAndre Lambert-Smith,WR,LAC,1,2025,00-0040184,3.1,0,1,30,0,0,0,0,0,0,0,0,30,0,0,-3.1,1
Najee Harris,RB,LAC,1,2025,Najee Harris-LAC,1.9,2,1,5,NA,NA,NA,NA,1,5,0,0,NA,NA,NA,0.10000000000000009,1
Will Dissly,TE,LAC,1,2025,00-0034159,1.5,2.8,1,5,0,1,18,0,0,0,0,0,5,1,18,1.2999999999999998,1
Tre Harris,WR,LAC,1,2025,00-0040727,1.4,2.1,1,5,0,1,11,0,0,0,0,0,5,1,11,0.7000000000000002,1
Puka Nacua,WR,LAR,1,2025,00-003907500-003907500-003907500-003907500-003907500-003907500-003907500-003907500-003907500-003907500-0039075,17.6,23,11,98,0,10,130,0,0,0,0,0,8.909090996,0.9,11.8,5.399999999999999,1
Kyren Williams,RB,LAR,1,2025,Kyren Williams-LA,15,13.9,2,-12,NA,NA,NA,NA,18,66,1,2,NA,NA,NA,-1.0999999999999996,1
Davante Adams,WR,LAR,1,2025,00-003138100-003138100-003138100-003138100-003138100-003138100-003138100-0031381,12.7,9.1,8,70,0,4,51,0,0,0,0,0,8.75,0.5,6.4,-3.5999999999999996,1
Davis Allen,TE,LAR,1,2025,00-003907400-0039074,4.9,8.3,2,35,1,1,13,1,0,0,0,0,17.5,0.5,6.5,3.4000000000000004,1
Colby Parkinson,TE,LAR,1,2025,00-003624400-0036244,3.2,1.4,2,0,1,2,-6,0,0,0,0,0,0,1,-3,-1.8000000000000003,1
Xavier Smith,WR,LAR,1,2025,00-0038359,2.4,4.6,1,36,0,1,36,0,0,0,0,0,36,1,36,2.1999999999999997,1
Blake Corum,RB,LAR,1,2025,Blake Corum-LA,2.1,2.6,1,-2,NA,NA,NA,NA,1,2,0,0,NA,NA,NA,0.5,1
Tutu Atwell,WR,LAR,1,2025,00-0036849,1.4,1.4,1,4,0,1,4,0,0,0,0,0,4,1,4,0,1
Jakobi Meyers,WR,LV,1,2025,00-003496000-003496000-003496000-003496000-003496000-003496000-003496000-003496000-003496000-0034960,15.5,17.7,10,81,0,8,97,0,0,0,0,0,8.100000381,0.8,9.7,2.1999999999999993,1
Ashton Jeanty,RB,LV,1,2025,Ashton Jeanty-LV,14.5,12,2,-4,NA,NA,NA,NA,19,38,1,1,NA,NA,NA,-2.5,1
Brock Bowers,TE,LV,1,2025,00-003933800-003933800-003933800-003933800-003933800-003933800-003933800-0039338,12.6,15.3,8,80,0,5,103,0,0,0,0,0,10,0.6,12.9,2.700000000000001,1
Dont'e Thornton Jr.,WR,LV,1,2025,00-004058100-004058100-004058100-0040581,6.9,6.5,4,100,0,2,45,0,0,0,0,0,25,0.5,11.3,-0.40000000000000036,1
Michael Mayer,TE,LV,1,2025,00-003906600-003906600-003906600-0039066,6.9,7.8,4,14,1,4,38,0,0,0,0,0,3.5,1,9.5,0.8999999999999995,1
Tre Tucker,WR,LV,1,2025,00-003856300-003856300-0038563,6.8,13.4,3,63,0,2,54,1,0,0,0,0,21,0.7,18,6.6000000000000005,1
Jack Bech,WR,LV,1,2025,00-0040729,1.8,3.3,1,13,0,1,23,0,0,0,0,0,13,1,23,1.4999999999999998,1
Alex Bachman,WR,LV,1,2025,00-0035602,1.4,0,1,4,0,0,0,0,0,0,0,0,4,0,0,-1.4,1
Zamir White,RB,LV,1,2025,Zamir White-LV,1.3,0.8,0,0,NA,NA,NA,NA,3,8,0,0,NA,NA,NA,-0.5,1
Tyreek Hill,WR,MIA,1,2025,00-003304000-003304000-003304000-003304000-003304000-0033040,10.4,8,6,86,0,4,40,0,0,0,0,0,14.33333302,0.7,6.7,-2.4000000000000004,1
De'Von Achane,RB,MIA,1,2025,De'Von Achane-MIA,9.2,16.5,4,-3,NA,NA,NA,NA,7,55,0,0,NA,NA,NA,7.300000000000001,1
Jaylen Waddle,WR,MIA,1,2025,00-003661300-003661300-003661300-003661300-0036613,9,7,5,21,1,4,30,0,0,0,0,0,4.199999809,0.8,6,-2,1
Tanner Conner,WR,MIA,1,2025,00-003734800-003734800-003734800-0037348,8,4,4,27,1,2,20,0,0,0,0,0,6.75,0.5,5,-4,1
Malik Washington,WR,MIA,1,2025,00-003988000-003988000-003988000-003988000-0039880,7.8,4,5,47,0,2,20,0,0,0,0,0,9.399999619,0.4,4,-3.8,1
Dee Eskridge,WR,MIA,1,2025,00-003662000-0036620,3.5,1.9,2,33,0,1,9,0,0,0,0,0,16.5,0.5,4.5,-1.6,1
Nick Westbrook-Ikhine,WR,MIA,1,2025,00-003618200-0036182,3.2,1.7,2,13,0,1,7,0,0,0,0,0,6.5,0.5,3.5,-1.5000000000000002,1
Alec Ingold,RB,MIA,1,2025,Alec Ingold-MIA,2.7,1.1,2,11,NA,NA,NA,NA,0,0,0,0,NA,NA,NA,-1.6,1
Ollie Gordon II,RB,MIA,1,2025,Ollie Gordon II-MIA,2.5,1.3,1,-5,NA,NA,NA,NA,2,4,0,1,NA,NA,NA,-1.2,1
Justin Jefferson,WR,MIN,1,2025,00-003632200-003632200-003632200-003632200-003632200-003632200-0036322,12.5,14.4,7,69,2,4,44,1,0,0,0,0,9.857142448,0.6,6.3,1.9000000000000004,1
Jordan Mason,RB,MIN,1,2025,Jordan Mason-MIN,9.5,8.5,1,-5,NA,NA,NA,NA,15,68,0,0,NA,NA,NA,-1,1
Aaron Jones,RB,MIN,1,2025,Aaron Jones-MIN,9.2,15.7,3,21,NA,NA,NA,NA,8,23,0,0,NA,NA,NA,6.5,1
T.J. Hockenson,TE,MIN,1,2025,00-003522900-003522900-003522900-0035229,5.8,4.5,4,13,0,3,15,0,0,0,0,0,3.25,0.8,3.8,-1.2999999999999998,1
Jalen Nailor,WR,MIN,1,2025,00-003729100-003729100-0037291,4.9,3.8,3,15,1,1,28,0,0,0,0,0,5,0.3,9.3,-1.1000000000000005,1
Adam Thielen,WR,MIN,1,2025,00-0030035,1.4,0,1,7,0,0,0,0,0,0,0,0,7,0,0,-1.4,1
Josh Oliver,TE,MIN,1,2025,00-0035249,1.3,1.5,1,-3,0,1,5,0,0,0,0,0,-3,1,5,0.19999999999999996,1
Kayshon Boutte,WR,NE,1,2025,00-003860800-003860800-003860800-003860800-003860800-003860800-003860800-0038608,14.8,16.3,8,137,0,6,103,0,0,0,0,0,17.125,0.8,12.9,1.5,1
Hunter Henry,TE,NE,1,2025,00-003309000-003309000-003309000-003309000-003309000-003309000-003309000-0033090,14.5,10.6,8,117,0,4,66,0,0,0,0,0,14.625,0.5,8.3,-3.9000000000000004,1
DeMario Douglas,WR,NE,1,2025,00-003862100-003862100-003862100-003862100-003862100-003862100-0038621,13.6,7.8,7,22,3,2,-2,1,0,0,0,0,3.1428570749999998,0.3,-0.3,-5.8,1
Stefon Diggs,WR,NE,1,2025,00-003158800-003158800-003158800-003158800-003158800-003158800-0031588,11.3,11.7,7,61,0,6,57,0,0,0,0,0,8.714285851,0.9,8.1,0.3999999999999986,1
TreVeyon Henderson,RB,NE,1,2025,TreVeyon Henderson-NE,11.3,11.1,6,-19,NA,NA,NA,NA,5,27,0,0,NA,NA,NA,-0.20000000000000107,1
Rhamondre Stevenson,RB,NE,1,2025,Rhamondre Stevenson-NE,8.2,4.7,3,3,NA,NA,NA,NA,7,15,0,1,NA,NA,NA,-3.499999999999999,1
Mack Hollins,WR,NE,1,2025,00-003355500-0033555,2.9,1.3,2,13,0,1,3,0,0,0,0,0,6.5,0.5,1.5,-1.5999999999999999,1
Austin Hooper,TE,NE,1,2025,00-0032392,1.8,2,1,3,1,1,10,0,0,0,0,0,3,1,10,0.19999999999999996,1
Kyle Williams,WR,NE,1,2025,00-0040131,1.8,2.2,1,12,0,1,12,0,0,0,0,0,12,1,12,0.40000000000000013,1
Antonio Gibson,RB,NE,1,2025,Antonio Gibson-NE,1.8,0.3,1,4,NA,NA,NA,NA,1,3,0,0,NA,NA,NA,-1.5,1
Drake Maye,QB,NE,1,2025,00-0039851,0,1.2,1,-8,0,1,2,0,0,0,0,0,-8,1,2,1.2,1
Chris Olave,WR,NO,1,2025,00-003723900-003723900-003723900-003723900-003723900-003723900-003723900-003723900-003723900-003723900-003723900-003723900-0037239,20.5,12.4,13,97,1,7,54,0,0,0,0,0,7.461538315,0.5,4.2,-8.1,1
Juwan Johnson,TE,NO,1,2025,00-003604000-003604000-003604000-003604000-003604000-003604000-003604000-003604000-003604000-003604000-0036040,18.7,15.6,11,89,2,8,76,0,0,0,0,0,8.090909004,0.7,6.9,-3.0999999999999996,1
Rashid Shaheed,WR,NO,1,2025,00-003754500-003754500-003754500-003754500-003754500-003754500-003754500-003754500-0037545,14.8,9.3,9,79,1,6,33,0,0,0,0,0,8.777777672,0.7,3.7,-5.5,1
Alvin Kamara,RB,NO,1,2025,Alvin Kamara-NO,9.3,13.7,2,-3,NA,NA,NA,NA,11,45,1,1,NA,NA,NA,4.399999999999999,1
Brandin Cooks,WR,NO,1,2025,00-003123600-003123600-003123600-0031236,5.5,5.6,4,18,0,3,26,0,0,0,0,0,4.5,0.8,6.5,0.09999999999999964,1
Devaughn Vele,WR,NO,1,2025,00-003942400-0039424,4.9,2.3,2,16,1,1,13,0,0,0,0,0,8,0.5,6.5,-2.6000000000000005,1
Kendre Miller,RB,NO,1,2025,Kendre Miller-NO,2.3,2.4,0,0,NA,NA,NA,NA,5,24,0,0,NA,NA,NA,0.10000000000000009,1
Devin Neal,RB,NO,1,2025,Devin Neal-NO,0.9,0.9,0,0,NA,NA,NA,NA,2,9,0,0,NA,NA,NA,0,1
Malik Nabers,WR,NYG,1,2025,00-003933700-003933700-003933700-003933700-003933700-003933700-003933700-003933700-003933700-003933700-003933700-0039337,22.5,12.1,12,122,3,5,71,0,0,0,0,0,10.16666698,0.4,5.9,-10.4,1
Wan'Dale Robinson,WR,NYG,1,2025,00-003811700-003811700-003811700-003811700-003811700-003811700-003811700-0038117,12.6,11.5,8,25,1,6,55,0,0,0,0,0,3.125,0.8,6.9,-1.0999999999999996,1
Tyrone Tracy Jr.,RB,NYG,1,2025,Tyrone Tracy Jr.-NYG,11.1,5.5,5,-1,NA,NA,NA,NA,10,24,0,0,NA,NA,NA,-5.6,1
Cam Skattebo,RB,NYG,1,2025,Cam Skattebo-NYG,5.7,2.9,2,1,NA,NA,NA,NA,2,-3,0,1,NA,NA,NA,-2.8000000000000003,1
Theo Johnson,TE,NYG,1,2025,00-003984700-003984700-0039847,5.5,1.5,3,-2,1,1,5,0,0,0,0,0,-0.6666666865,0.3,1.7,-4,1
Daniel Bellinger,TE,NYG,1,2025,00-0038115,2.6,2.4,1,14,1,1,14,0,0,0,0,0,14,1,14,-0.20000000000000018,1
Darius Slayton,WR,NYG,1,2025,00-0035535,1.8,0,1,16,0,0,0,0,0,0,0,0,16,0,0,-1.8,1
Devin Singletary,RB,NYG,1,2025,Devin Singletary-NYG,1.3,0.9,0,0,NA,NA,NA,NA,3,9,0,0,NA,NA,NA,-0.4,1
Breece Hall,RB,NYJ,1,2025,Breece Hall-NYJ,14.4,16.5,4,-13,NA,NA,NA,NA,19,107,0,1,NA,NA,NA,2.0999999999999996,1
Garrett Wilson,WR,NYJ,1,2025,00-003774000-003774000-003774000-003774000-003774000-003774000-003774000-003774000-0037740,13.3,22.5,9,86,0,7,95,1,0,0,0,0,9.555555344,0.8,10.6,9.2,1
Josh Reynolds,WR,NYJ,1,2025,00-003394300-003394300-0033943,4.3,3.8,3,30,0,2,18,0,0,0,0,0,10,0.7,6,-0.5,1
Tyler Johnson,WR,NYJ,1,2025,00-003642700-0036427,3.1,5.1,2,20,0,2,31,0,0,0,0,0,10,1,15.5,1.9999999999999996,1
Braelon Allen,RB,NYJ,1,2025,Braelon Allen-NYJ,2.9,6.9,0,0,NA,NA,NA,NA,6,9,1,1,NA,NA,NA,4,1
Jeremy Ruckert,TE,NYJ,1,2025,00-003780500-0037805,2.8,3.6,2,14,0,2,16,0,0,0,0,0,7,1,8,0.8000000000000003,1
Mason Taylor,TE,NYJ,1,2025,00-0040736,1.9,3,1,18,0,1,20,0,0,0,0,0,18,1,20,1.1,1
Isaiah Davis,RB,NYJ,1,2025,Isaiah Davis-NYJ,1.1,1.8,0,0,NA,NA,NA,NA,2,18,0,0,NA,NA,NA,0.7,1
Saquon Barkley,RB,PHI,1,2025,Saquon Barkley-PHI,21.4,18.4,5,-5,NA,NA,NA,NA,18,60,1,4,NA,NA,NA,-3,1
Dallas Goedert,TE,PHI,1,2025,00-003435100-003435100-003435100-003435100-003435100-003435100-0034351,10.8,11.4,7,34,0,7,44,0,0,0,0,0,4.857142925,1,6.3,0.5999999999999996,1
Jahan Dotson,WR,PHI,1,2025,00-003774100-003774100-0037741,6.3,8.9,3,48,0,3,59,0,0,0,0,0,16,1,19.7,2.6000000000000005,1
DeVonta Smith,WR,PHI,1,2025,00-003691200-003691200-0036912,4.4,4.6,3,4,0,3,16,0,0,0,0,0,1.333333373,1,5.3,0.1999999999999993,1
AJ Dillon,RB,PHI,1,2025,AJ Dillon-PHI,1.8,1,0,0,NA,NA,NA,NA,3,10,0,0,NA,NA,NA,-0.8,1
Will Shipley,RB,PHI,1,2025,Will Shipley-PHI,1.7,2.6,0,0,NA,NA,NA,NA,3,26,0,0,NA,NA,NA,0.9000000000000001,1
A.J. Brown,WR,PHI,1,2025,00-0035676,1.5,1.8,1,8,0,1,8,0,0,0,0,0,8,1,8,0.30000000000000004,1
Kylen Granson,TE,PHI,1,2025,00-0036876,1.5,1.1,1,0,0,1,1,0,0,0,0,0,0,1,1,-0.3999999999999999,1
Jaylen Warren,RB,PIT,1,2025,Jaylen Warren-PIT,12.4,13.9,2,3,NA,NA,NA,NA,11,37,0,2,NA,NA,NA,1.5,1
Calvin Austin III,WR,PIT,1,2025,00-003783700-003783700-003783700-003783700-003783700-0037837,11.3,17,6,84,1,4,70,1,0,0,0,0,14,0.7,11.7,5.699999999999999,1
Jonnu Smith,TE,PIT,1,2025,00-003385800-003385800-003385800-003385800-003385800-0033858,9.9,12.5,6,-6,1,5,15,1,0,0,0,0,-1,0.8,2.5,2.5999999999999996,1
DK Metcalf,WR,PIT,1,2025,00-003564000-003564000-003564000-003564000-003564000-003564000-0035640,9.7,12.3,7,28,0,4,83,0,0,0,0,0,4,0.6,11.9,2.6000000000000014,1
Kenneth Gainwell,RB,PIT,1,2025,Kenneth Gainwell-PIT,8.7,5.3,4,-10,NA,NA,NA,NA,7,19,0,0,NA,NA,NA,-3.3999999999999995,1
Pat Freiermuth,TE,PIT,1,2025,00-003689400-003689400-0036894,4.5,5.8,3,20,0,3,28,0,0,0,0,0,6.666666508,1,9.3,1.2999999999999998,1
Ben Skowronek,WR,PIT,1,2025,00-0036862,1.5,9.2,1,9,0,1,22,1,0,0,0,0,9,1,22,7.699999999999999,1
Kaleb Johnson,RB,PIT,1,2025,Kaleb Johnson-PIT,0.5,-0.2,0,0,NA,NA,NA,NA,1,-2,0,0,NA,NA,NA,-0.7,1
Jaxon Smith-Njigba,WR,SEA,1,2025,00-003854300-003854300-003854300-003854300-003854300-003854300-003854300-003854300-003854300-003854300-003854300-003854300-0038543,21.1,21.4,13,178,0,9,124,0,0,0,0,0,13.69230747,0.7,9.5,0.29999999999999716,1
Kenneth Walker III,RB,SEA,1,2025,Kenneth Walker III-SEA,10.3,5.4,3,-9,NA,NA,NA,NA,10,20,0,1,NA,NA,NA,-4.9,1
Zach Charbonnet,RB,SEA,1,2025,Zach Charbonnet-SEA,9.6,10.7,0,0,NA,NA,NA,NA,12,47,1,3,NA,NA,NA,1.0999999999999996,1
Cooper Kupp,WR,SEA,1,2025,00-003390800-003390800-0033908,4.1,3.5,3,20,0,2,15,0,0,0,0,0,6.666666508,0.7,5,-0.5999999999999996,1
AJ Barner,TE,SEA,1,2025,00-003979300-0039793,2.8,1,2,3,0,1,0,0,0,0,0,0,1.5,0.5,0,-1.7999999999999998,1
Elijah Arroyo,TE,SEA,1,2025,00-0040739,1.5,1.7,1,5,0,1,7,0,0,0,0,0,5,1,7,0.19999999999999996,1
Christian McCaffrey,RB,SF,1,2025,Christian McCaffrey-SF,30.6,23.2,10,20,NA,NA,NA,NA,22,69,0,3,NA,NA,NA,-7.400000000000002,1
Ricky Pearsall,WR,SF,1,2025,00-003991600-003991600-003991600-003991600-003991600-003991600-0039916,15.3,14.8,7,136,2,4,108,0,0,0,0,0,19.4285717,0.6,15.4,-0.5,1
Jauan Jennings,WR,SF,1,2025,00-003625900-003625900-003625900-003625900-0036259,10.9,3.6,5,42,2,2,16,0,0,0,0,0,8.399999619,0.4,3.2,-7.300000000000001,1
George Kittle,TE,SF,1,2025,00-003328800-003328800-003328800-0033288,7.9,12.5,4,22,1,4,25,1,0,0,0,0,5.5,1,6.3,4.6,1
Brian Robinson,RB,SF,1,2025,Brian Robinson-SF,7.1,4.7,2,0,NA,NA,NA,NA,9,33,0,0,NA,NA,NA,-2.3999999999999995,1
Jake Tonges,TE,SF,1,2025,00-003711200-003711200-0037112,6.4,10.5,3,9,2,3,15,1,0,0,0,0,3,1,5,4.1,1
Kyle Juszczyk,RB,SF,1,2025,Kyle Juszczyk-SF,3.8,5.2,2,22,NA,NA,NA,NA,0,0,0,0,NA,NA,NA,1.4000000000000004,1
Luke Farrell,TE,SF,1,2025,00-0036887,1.3,1.4,1,4,0,1,4,0,0,0,0,0,4,1,4,0.09999999999999987,1
Mike Evans,WR,TB,1,2025,00-003140800-003140800-003140800-003140800-003140800-003140800-003140800-0031408,14,10.1,8,106,0,5,51,0,0,0,0,0,13.25,0.6,6.4,-3.9000000000000004,1
Bucky Irving,RB,TB,1,2025,Bucky Irving-TB,13.4,14.5,4,-5,NA,NA,NA,NA,14,37,0,1,NA,NA,NA,1.0999999999999996,1
Emeka Egbuka,WR,TB,1,2025,00-004012900-004012900-004012900-004012900-004012900-0040129,11.3,22.7,6,71,0,4,67,2,0,0,0,0,11.83333302,0.7,11.2,11.399999999999999,1
Sterling Shepard,WR,TB,1,2025,00-003238500-003238500-003238500-003238500-003238500-0032385,10.2,6.9,6,86,0,3,39,0,0,0,0,0,14.33333302,0.5,6.5,-3.299999999999999,1
Cade Otton,TE,TB,1,2025,00-003812900-003812900-0038129,5.2,0,3,30,0,0,0,0,0,0,0,0,10,0,0,-5.2,1
Rachaad White,RB,TB,1,2025,Rachaad White-TB,2.8,2.6,1,-3,NA,NA,NA,NA,2,14,0,0,NA,NA,NA,-0.19999999999999973,1
Ryan Miller,WR,TB,1,2025,00-0038824,1.7,0,1,15,0,0,0,0,0,0,0,0,15,0,0,-1.7,1
Tez Johnson,WR,TB,1,2025,00-0040237,1.6,0,1,5,0,0,0,0,0,0,0,0,5,0,0,-1.6,1
Sean Tucker,RB,TB,1,2025,Sean Tucker-TB,0.5,0.2,0,0,NA,NA,NA,NA,1,2,0,0,NA,NA,NA,-0.3,1
Calvin Ridley,WR,TEN,1,2025,00-003483700-003483700-003483700-003483700-003483700-003483700-003483700-0034837,11.7,6.7,8,69,0,4,27,0,0,0,0,0,8.625,0.5,3.4,-4.999999999999999,1
Elic Ayomanor,WR,TEN,1,2025,00-004017000-004017000-004017000-004017000-004017000-004017000-0040170,11.4,3.3,7,133,0,2,13,0,0,0,0,0,19,0.3,1.9,-8.100000000000001,1
Tony Pollard,RB,TEN,1,2025,Tony Pollard-TEN,9.9,9.9,1,-1,NA,NA,NA,NA,18,60,0,1,NA,NA,NA,0,1
Chig Okonkwo,TE,TEN,1,2025,00-003780900-003780900-003780900-0037809,5.6,4.9,4,15,0,3,19,0,0,0,0,0,3.75,0.8,4.8,-0.6999999999999993,1
Gunnar Helm,TE,TEN,1,2025,00-004058400-0040584,3.4,2.6,2,32,0,1,16,0,0,0,0,0,16,0.5,8,-0.7999999999999998,1
Julius Chestnut,RB,TEN,1,2025,Julius Chestnut-TEN,2.1,0.2,0,0,NA,NA,NA,NA,2,2,0,1,NA,NA,NA,-1.9000000000000001,1
Tyler Lockett,WR,TEN,1,2025,00-0032211,1.8,0,1,16,0,0,0,0,0,0,0,0,16,0,0,-1.8,1
Chimere Dike,WR,TEN,1,2025,00-0040705,1.7,0,1,20,0,0,0,0,0,0,0,0,20,0,0,-1.7,1
Bryce Oliver,WR,TEN,1,2025,00-0039650,1.4,1.8,1,6,0,1,8,0,0,0,0,0,6,1,8,0.40000000000000013,1
Deebo Samuel Sr.,WR,WAS,1,2025,00-003571900-003571900-003571900-003571900-003571900-003571900-003571900-003571900-003571900-0035719,17.7,14.7,10,80,0,7,77,0,0,0,0,0,8,0.7,7.7,-3,1
Zach Ertz,TE,WAS,1,2025,00-003006100-003006100-003006100-003006100-0030061,9.6,11.6,5,42,1,3,26,1,0,0,0,0,8.399999619,0.6,5.2,2,1
Austin Ekeler,RB,WAS,1,2025,Austin Ekeler-WAS,8.4,8.7,3,-7,NA,NA,NA,NA,6,26,0,0,NA,NA,NA,0.29999999999999893,1
Terry McLaurin,WR,WAS,1,2025,00-003565900-003565900-003565900-0035659,8,4.7,4,77,0,2,27,0,0,0,0,0,19.25,0.5,6.8,-3.3,1
Jacory Croskey-Merritt,RB,WAS,1,2025,Jacory Croskey-Merritt-WAS,7.9,14.2,1,-5,NA,NA,NA,NA,10,82,1,1,NA,NA,NA,6.299999999999999,1
Noah Brown,WR,WAS,1,2025,00-003359100-003359100-0033591,6.6,4.7,3,34,1,2,27,0,0,0,0,0,11.33333302,0.7,9,-1.8999999999999995,1
Jaylin Lane,WR,WAS,1,2025,00-004016400-0040164,3.3,2.1,2,20,0,1,11,0,0,0,0,0,10,0.5,5.5,-1.1999999999999997,1
Jeremy McNichols,RB,WAS,1,2025,Jeremy McNichols-WAS,2.2,2.5,0,0,NA,NA,NA,NA,4,25,0,0,NA,NA,NA,0.2999999999999998,1
Chris Moore,WR,WAS,1,2025,00-0032398,2,4.4,1,34,0,1,34,0,0,0,0,0,34,1,34,2.4000000000000004,1
